<annotation>
	<folder>train</folder>
	<filename>20180718_181123.jpg</filename>
	<path>C:\Users\Aditya\models\research\object_detection\images\train\20180718_181123.jpg</path>
	<source>
		<database>Unknown</database>
	</source>
	<size>
		<width>306</width>
		<height>408</height>
		<depth>3</depth>
	</size>
	<segmented>0</segmented>
	<object>
		<name>ID</name>
		<pose>Unspecified</pose>
		<truncated>0</truncated>
		<difficult>0</difficult>
		<bndbox>
			<xmin>178</xmin>
			<ymin>202</ymin>
			<xmax>266</xmax>
			<ymax>389</ymax>
		</bndbox>
	</object>
	<object>
		<name>Wallet</name>
		<pose>Unspecified</pose>
		<truncated>0</truncated>
		<difficult>0</difficult>
		<bndbox>
			<xmin>24</xmin>
			<ymin>96</ymin>
			<xmax>181</xmax>
			<ymax>278</ymax>
		</bndbox>
	</object>
	<object>
		<name>Keys</name>
		<pose>Unspecified</pose>
		<truncated>0</truncated>
		<difficult>0</difficult>
		<bndbox>
			<xmin>165</xmin>
			<ymin>62</ymin>
			<xmax>269</xmax>
			<ymax>184</ymax>
		</bndbox>
	</object>
</annotation>
