<annotation>
	<folder>train</folder>
	<filename>20180718_181128.jpg</filename>
	<path>C:\Users\Aditya\models\research\object_detection\images\train\20180718_181128.jpg</path>
	<source>
		<database>Unknown</database>
	</source>
	<size>
		<width>306</width>
		<height>408</height>
		<depth>3</depth>
	</size>
	<segmented>0</segmented>
	<object>
		<name>Wallet</name>
		<pose>Unspecified</pose>
		<truncated>0</truncated>
		<difficult>0</difficult>
		<bndbox>
			<xmin>24</xmin>
			<ymin>96</ymin>
			<xmax>183</xmax>
			<ymax>276</ymax>
		</bndbox>
	</object>
	<object>
		<name>ID</name>
		<pose>Unspecified</pose>
		<truncated>0</truncated>
		<difficult>0</difficult>
		<bndbox>
			<xmin>83</xmin>
			<ymin>242</ymin>
			<xmax>258</xmax>
			<ymax>376</ymax>
		</bndbox>
	</object>
	<object>
		<name>Keys</name>
		<pose>Unspecified</pose>
		<truncated>0</truncated>
		<difficult>0</difficult>
		<bndbox>
			<xmin>166</xmin>
			<ymin>62</ymin>
			<xmax>268</xmax>
			<ymax>187</ymax>
		</bndbox>
	</object>
</annotation>
