<annotation>
	<folder>train</folder>
	<filename>20180718_181042.jpg</filename>
	<path>C:\Users\Aditya\models\research\object_detection\images\train\20180718_181042.jpg</path>
	<source>
		<database>Unknown</database>
	</source>
	<size>
		<width>306</width>
		<height>408</height>
		<depth>3</depth>
	</size>
	<segmented>0</segmented>
	<object>
		<name>Keys</name>
		<pose>Unspecified</pose>
		<truncated>0</truncated>
		<difficult>0</difficult>
		<bndbox>
			<xmin>28</xmin>
			<ymin>56</ymin>
			<xmax>168</xmax>
			<ymax>155</ymax>
		</bndbox>
	</object>
	<object>
		<name>ID</name>
		<pose>Unspecified</pose>
		<truncated>0</truncated>
		<difficult>0</difficult>
		<bndbox>
			<xmin>93</xmin>
			<ymin>57</ymin>
			<xmax>232</xmax>
			<ymax>215</ymax>
		</bndbox>
	</object>
	<object>
		<name>Wallet</name>
		<pose>Unspecified</pose>
		<truncated>0</truncated>
		<difficult>0</difficult>
		<bndbox>
			<xmin>120</xmin>
			<ymin>201</ymin>
			<xmax>296</xmax>
			<ymax>395</ymax>
		</bndbox>
	</object>
</annotation>
