<annotation>
	<folder>train</folder>
	<filename>20180718_181038.jpg</filename>
	<path>C:\Users\Aditya\models\research\object_detection\images\train\20180718_181038.jpg</path>
	<source>
		<database>Unknown</database>
	</source>
	<size>
		<width>306</width>
		<height>408</height>
		<depth>3</depth>
	</size>
	<segmented>0</segmented>
	<object>
		<name>ID</name>
		<pose>Unspecified</pose>
		<truncated>0</truncated>
		<difficult>0</difficult>
		<bndbox>
			<xmin>40</xmin>
			<ymin>148</ymin>
			<xmax>121</xmax>
			<ymax>346</ymax>
		</bndbox>
	</object>
	<object>
		<name>Wallet</name>
		<pose>Unspecified</pose>
		<truncated>0</truncated>
		<difficult>0</difficult>
		<bndbox>
			<xmin>122</xmin>
			<ymin>201</ymin>
			<xmax>294</xmax>
			<ymax>394</ymax>
		</bndbox>
	</object>
	<object>
		<name>Keys</name>
		<pose>Unspecified</pose>
		<truncated>0</truncated>
		<difficult>0</difficult>
		<bndbox>
			<xmin>36</xmin>
			<ymin>63</ymin>
			<xmax>167</xmax>
			<ymax>162</ymax>
		</bndbox>
	</object>
</annotation>
