<annotation>
	<folder>train</folder>
	<filename>20180718_181032.jpg</filename>
	<path>C:\Users\Aditya\models\research\object_detection\images\train\20180718_181032.jpg</path>
	<source>
		<database>Unknown</database>
	</source>
	<size>
		<width>306</width>
		<height>408</height>
		<depth>3</depth>
	</size>
	<segmented>0</segmented>
	<object>
		<name>ID</name>
		<pose>Unspecified</pose>
		<truncated>0</truncated>
		<difficult>0</difficult>
		<bndbox>
			<xmin>22</xmin>
			<ymin>151</ymin>
			<xmax>101</xmax>
			<ymax>361</ymax>
		</bndbox>
	</object>
	<object>
		<name>Wallet</name>
		<pose>Unspecified</pose>
		<truncated>0</truncated>
		<difficult>0</difficult>
		<bndbox>
			<xmin>92</xmin>
			<ymin>158</ymin>
			<xmax>259</xmax>
			<ymax>290</ymax>
		</bndbox>
	</object>
	<object>
		<name>Keys</name>
		<pose>Unspecified</pose>
		<truncated>0</truncated>
		<difficult>0</difficult>
		<bndbox>
			<xmin>140</xmin>
			<ymin>44</ymin>
			<xmax>247</xmax>
			<ymax>156</ymax>
		</bndbox>
	</object>
</annotation>
