<annotation>
	<folder>train</folder>
	<filename>20180718_181110.jpg</filename>
	<path>C:\Users\Aditya\models\research\object_detection\images\train\20180718_181110.jpg</path>
	<source>
		<database>Unknown</database>
	</source>
	<size>
		<width>306</width>
		<height>408</height>
		<depth>3</depth>
	</size>
	<segmented>0</segmented>
	<object>
		<name>Keys</name>
		<pose>Unspecified</pose>
		<truncated>0</truncated>
		<difficult>0</difficult>
		<bndbox>
			<xmin>159</xmin>
			<ymin>34</ymin>
			<xmax>257</xmax>
			<ymax>170</ymax>
		</bndbox>
	</object>
	<object>
		<name>Wallet</name>
		<pose>Unspecified</pose>
		<truncated>0</truncated>
		<difficult>0</difficult>
		<bndbox>
			<xmin>25</xmin>
			<ymin>96</ymin>
			<xmax>181</xmax>
			<ymax>276</ymax>
		</bndbox>
	</object>
	<object>
		<name>ID</name>
		<pose>Unspecified</pose>
		<truncated>0</truncated>
		<difficult>0</difficult>
		<bndbox>
			<xmin>117</xmin>
			<ymin>170</ymin>
			<xmax>255</xmax>
			<ymax>356</ymax>
		</bndbox>
	</object>
</annotation>
